provider_symbol,primary_exchange_mic,reviewed_at,source_url
ADS,XNYS,2026-07-30,https://www.sec.gov/edgar/search/
AET,XNYS,2026-07-30,https://www.sec.gov/edgar/search/
BCR,XNYS,2026-07-30,https://www.sec.gov/edgar/search/
BHI,XNYS,2026-07-30,https://www.sec.gov/edgar/search/
CDAY,XNYS,2026-07-30,https://www.sec.gov/edgar/search/
COL,XNYS,2026-07-30,https://www.sec.gov/edgar/search/
CSRA,XNYS,2026-07-30,https://www.sec.gov/edgar/search/
DPS,XNYS,2026-07-30,https://www.sec.gov/edgar/search/
ENDP,XNAS,2026-07-30,https://www.sec.gov/edgar/search/
FBHS,XNYS,2026-07-30,https://www.sec.gov/edgar/search/
FRC,XNYS,2026-07-30,https://www.sec.gov/edgar/search/
FTR,XNAS,2026-07-30,https://www.sec.gov/edgar/search/
GPS,XNYS,2026-07-30,https://www.sec.gov/edgar/search/
HAR,XNYS,2026-07-30,https://www.sec.gov/edgar/search/
HOT,XNYS,2026-07-30,https://www.sec.gov/edgar/search/
LLL,XNYS,2026-07-30,https://www.sec.gov/edgar/search/
LLTC,XNAS,2026-07-30,https://www.sec.gov/edgar/search/
LVLT,XNYS,2026-07-30,https://www.sec.gov/edgar/search/
MJN,XNYS,2026-07-30,https://www.sec.gov/edgar/search/
MNK,XNYS,2026-07-30,https://www.sec.gov/edgar/search/
RAI,XNYS,2026-07-30,https://www.sec.gov/edgar/search/
RE,XNYS,2026-07-30,https://www.sec.gov/edgar/search/
SBNY,XNAS,2026-07-30,https://www.sec.gov/edgar/search/
SIVB,XNAS,2026-07-30,https://www.sec.gov/edgar/search/
SNI,XNYS,2026-07-30,https://www.sec.gov/edgar/search/
STJ,XNYS,2026-07-30,https://www.sec.gov/edgar/search/
TWX,XNYS,2026-07-30,https://www.sec.gov/edgar/search/
TYC,XNYS,2026-07-30,https://www.sec.gov/edgar/search/
WFM,XNAS,2026-07-30,https://www.sec.gov/edgar/search/
WLTW,XNAS,2026-07-30,https://www.sec.gov/Archives/edgar/data/1140536/000119312522004045/d267396d8k.htm
WYN,XNYS,2026-07-30,https://www.sec.gov/edgar/search/
YHOO,XNAS,2026-07-30,https://www.sec.gov/edgar/search/
